feature,importance
Hypotension_Level,9.348468017578124
qSOFA,8.749134731292724
Mets_Binary,2.30523943901062
Comorb,1.602304708957672
Focus_PneumResp,1.0591737508773804
Age_Group,1.0344070434570312
Gender,0.6650530695915222
Neutropenia,0.6239656209945679
Line_Rx,0.5249050199985504
