{
  "cv_metrics": {
    "auroc": {
      "mean": 0.9248137524240466,
      "std": 0.04032159879274726,
      "ci_lower": 0.9133017079427924,
      "ci_upper": 0.935789850315126,
      "all_values": [
        0.8574660633484164,
        0.9330357142857143,
        0.9508928571428572,
        0.9598214285714286,
        0.9759615384615384,
        0.8710407239819006,
        0.8683035714285715,
        0.9285714285714286,
        0.9866071428571428,
        0.9471153846153846,
        0.9502262443438914,
        0.9553571428571428,
        0.9196428571428571,
        0.9107142857142857,
        0.8894230769230771,
        0.9276018099547512,
        0.8883928571428572,
        0.9508928571428572,
        0.9375,
        0.908653846153846,
        0.9321266968325792,
        0.96875,
        0.96875,
        0.8058035714285714,
        0.9375,
        0.9411764705882353,
        0.9040178571428571,
        0.96875,
        0.8660714285714286,
        0.951923076923077,
        0.8914027149321266,
        0.9419642857142857,
        0.9241071428571429,
        0.9017857142857143,
        0.9375,
        0.832579185520362,
        0.8973214285714285,
        0.9464285714285715,
        0.9799107142857142,
        0.9663461538461539,
        0.9343891402714932,
        0.8683035714285714,
        0.9464285714285714,
        0.8750000000000001,
        0.9663461538461537,
        0.8846153846153847,
        0.90625,
        0.9441964285714286,
        0.9866071428571428,
        0.9471153846153847
      ]
    },
    "auprc": {
      "mean": 0.9483398769453443,
      "std": 0.02637411300492581,
      "ci_lower": 0.9413768585661973,
      "ci_upper": 0.9551277033474722,
      "all_values": [
        0.9087610198336842,
        0.9439843244990304,
        0.9620653195488722,
        0.9666328044375645,
        0.9827786377708978,
        0.9187311469712452,
        0.9018578314645125,
        0.95,
        0.9891493055555556,
        0.9639069264069264,
        0.9647316821465429,
        0.9660714285714287,
        0.9399857954545454,
        0.9381486568986569,
        0.9376608923483924,
        0.9573669467787116,
        0.9126657434305461,
        0.9658128196930946,
        0.9460959383753501,
        0.9484839841108857,
        0.9505089201455983,
        0.9760964912280702,
        0.9790482954545454,
        0.8691429093567251,
        0.9601190476190476,
        0.9651610644257703,
        0.9281558140933142,
        0.9809782608695652,
        0.908590367965368,
        0.9659488795518207,
        0.9292876577478655,
        0.9520188338493292,
        0.945990515771526,
        0.927171116807487,
        0.9629166666666666,
        0.901137636872931,
        0.929401180175174,
        0.970630787037037,
        0.9820586622807017,
        0.9741476853899455,
        0.9530922895473979,
        0.8978262829476699,
        0.9588484077841664,
        0.9303396358543418,
        0.9741476853899455,
        0.9255892011977205,
        0.9418774472653784,
        0.9595369397759104,
        0.9901315789473684,
        0.962202380952381
      ]
    },
    "accuracy": {
      "mean": 0.8317471264367815,
      "std": 0.05173838373425941,
      "ci_lower": 0.8172448275862068,
      "ci_upper": 0.8451729885057471,
      "all_values": [
        0.7666666666666667,
        0.8,
        0.8333333333333334,
        0.9,
        0.8620689655172413,
        0.8333333333333334,
        0.8,
        0.8,
        0.9,
        0.8620689655172413,
        0.8333333333333334,
        0.8666666666666667,
        0.7666666666666667,
        0.8666666666666667,
        0.8620689655172413,
        0.8,
        0.7666666666666667,
        0.8666666666666667,
        0.8666666666666667,
        0.8275862068965517,
        0.7666666666666667,
        0.8666666666666667,
        0.9333333333333333,
        0.7333333333333333,
        0.8620689655172413,
        0.8666666666666667,
        0.8333333333333334,
        0.9,
        0.6666666666666666,
        0.8620689655172413,
        0.8333333333333334,
        0.8333333333333334,
        0.8,
        0.7333333333333333,
        0.8620689655172413,
        0.7666666666666667,
        0.8,
        0.8666666666666667,
        0.9,
        0.896551724137931,
        0.8,
        0.7666666666666667,
        0.8,
        0.8333333333333334,
        0.8620689655172413,
        0.8333333333333334,
        0.8333333333333334,
        0.8333333333333334,
        0.9,
        0.8620689655172413
      ]
    },
    "f1": {
      "mean": 0.8450025401164575,
      "std": 0.049049632757808714,
      "ci_lower": 0.8312962834093626,
      "ci_upper": 0.8574034392049974,
      "all_values": [
        0.7586206896551724,
        0.8333333333333334,
        0.8484848484848485,
        0.9090909090909091,
        0.875,
        0.8484848484848485,
        0.8235294117647058,
        0.8125,
        0.9090909090909091,
        0.875,
        0.8571428571428571,
        0.875,
        0.7878787878787878,
        0.8666666666666667,
        0.875,
        0.8333333333333334,
        0.7741935483870968,
        0.8571428571428571,
        0.8888888888888888,
        0.8387096774193549,
        0.8108108108108109,
        0.8666666666666667,
        0.9333333333333333,
        0.7142857142857143,
        0.8823529411764706,
        0.8823529411764706,
        0.8387096774193549,
        0.9090909090909091,
        0.7058823529411765,
        0.8666666666666667,
        0.8484848484848485,
        0.8387096774193549,
        0.8333333333333334,
        0.7647058823529411,
        0.8666666666666667,
        0.7741935483870968,
        0.8235294117647058,
        0.8823529411764706,
        0.9032258064516129,
        0.9090909090909091,
        0.8235294117647058,
        0.7741935483870968,
        0.8125,
        0.8484848484848485,
        0.875,
        0.8571428571428571,
        0.8275862068965517,
        0.8387096774193549,
        0.9090909090909091,
        0.8823529411764706
      ]
    },
    "confusion_matrix": [
      [
        55,
        13
      ],
      [
        12,
        69
      ]
    ]
  },
  "config": {
    "n_splits": 5,
    "n_repeats": 10,
    "random_seed": 42,
    "xgboost_params": {
      "n_estimators": 100,
      "max_depth": 3,
      "learning_rate": 0.1,
      "subsample": 0.8,
      "colsample_bytree": 0.8,
      "min_child_weight": 5,
      "reg_alpha": 0.1,
      "reg_lambda": 1.0,
      "random_state": 42,
      "use_label_encoder": false,
      "eval_metric": "logloss",
      "n_jobs": -1
    }
  }
}