{
  "cv_metrics": {
    "auroc": {
      "mean": 0.8207029734970911,
      "std": 0.06740431029211301,
      "ci_lower": 0.8026628403765351,
      "ci_upper": 0.8389146836619263,
      "all_values": [
        0.7217194570135747,
        0.7544642857142857,
        0.8839285714285715,
        0.8214285714285714,
        0.9519230769230769,
        0.8144796380090498,
        0.75,
        0.8727678571428571,
        0.8973214285714286,
        0.7932692307692308,
        0.7420814479638008,
        0.8258928571428571,
        0.8348214285714286,
        0.8526785714285714,
        0.8317307692307692,
        0.8190045248868778,
        0.7366071428571428,
        0.8839285714285714,
        0.7276785714285714,
        0.7932692307692307,
        0.751131221719457,
        0.8303571428571429,
        0.8571428571428571,
        0.7232142857142857,
        0.8269230769230769,
        0.7352941176470589,
        0.8080357142857143,
        0.8839285714285714,
        0.7611607142857143,
        0.9903846153846154,
        0.7104072398190046,
        0.7410714285714285,
        0.8392857142857143,
        0.8571428571428571,
        0.8894230769230769,
        0.8597285067873304,
        0.6830357142857143,
        0.8080357142857142,
        0.8928571428571429,
        0.8894230769230769,
        0.8891402714932126,
        0.8191964285714286,
        0.8660714285714286,
        0.7232142857142857,
        0.8605769230769231,
        0.7737556561085972,
        0.8816964285714286,
        0.8928571428571429,
        0.8883928571428571,
        0.7932692307692308
      ]
    },
    "auprc": {
      "mean": 0.8588121578482314,
      "std": 0.06124355327580451,
      "ci_lower": 0.8411166890915668,
      "ci_upper": 0.8757427632229832,
      "all_values": [
        0.82812546930194,
        0.7691204083691506,
        0.9033249736374737,
        0.8285513201202561,
        0.9677944862155389,
        0.8782926156888095,
        0.7196882667770825,
        0.9064244292844836,
        0.9226431656578715,
        0.815971842699784,
        0.809009155248456,
        0.8457086727234753,
        0.8605502867016025,
        0.8935810355103833,
        0.9034150592055004,
        0.8752396893952642,
        0.7455591466282255,
        0.9167808667249204,
        0.7448100331209598,
        0.8702551651564809,
        0.7946975784406402,
        0.8786526346628649,
        0.9150211767399268,
        0.7697620626499937,
        0.8282645883313453,
        0.8032502484059578,
        0.871760122455455,
        0.9178408035201513,
        0.7977404722470512,
        0.9930555555555556,
        0.8106910690502023,
        0.79674943675324,
        0.8422655727270666,
        0.8852526186389887,
        0.9356639969729806,
        0.8976612538395456,
        0.7565129577655447,
        0.8464848002083291,
        0.9273825133200133,
        0.9281078296703297,
        0.9105924691064011,
        0.8454351030913532,
        0.9020485112321159,
        0.7681589782344094,
        0.9065755527152586,
        0.8395671994287912,
        0.9063064468211526,
        0.8778715619176145,
        0.9056886536665949,
        0.876700036075036
      ]
    },
    "accuracy": {
      "mean": 0.7726666666666668,
      "std": 0.05995519091310065,
      "ci_lower": 0.7569770114942529,
      "ci_upper": 0.7898402298850575,
      "all_values": [
        0.6666666666666666,
        0.7666666666666667,
        0.7666666666666667,
        0.7666666666666667,
        0.896551724137931,
        0.8,
        0.7333333333333333,
        0.8,
        0.8666666666666667,
        0.7241379310344828,
        0.7333333333333333,
        0.8,
        0.7666666666666667,
        0.7666666666666667,
        0.7586206896551724,
        0.7666666666666667,
        0.7666666666666667,
        0.8333333333333334,
        0.7333333333333333,
        0.7241379310344828,
        0.7666666666666667,
        0.7333333333333333,
        0.8,
        0.7,
        0.7931034482758621,
        0.6333333333333333,
        0.7333333333333333,
        0.8,
        0.7,
        0.9310344827586207,
        0.6666666666666666,
        0.7666666666666667,
        0.8333333333333334,
        0.7333333333333333,
        0.8275862068965517,
        0.7666666666666667,
        0.7,
        0.8,
        0.8666666666666667,
        0.8275862068965517,
        0.7666666666666667,
        0.8,
        0.7666666666666667,
        0.6666666666666666,
        0.7931034482758621,
        0.7666666666666667,
        0.8333333333333334,
        0.8666666666666667,
        0.8333333333333334,
        0.7241379310344828
      ]
    },
    "f1": {
      "mean": 0.7966051832537032,
      "std": 0.058713247946117916,
      "ci_lower": 0.7809809417197452,
      "ci_upper": 0.812130031084307,
      "all_values": [
        0.6875,
        0.8,
        0.8108108108108109,
        0.8,
        0.9032258064516129,
        0.8235294117647058,
        0.7647058823529411,
        0.8125,
        0.8823529411764706,
        0.75,
        0.7647058823529411,
        0.8235294117647058,
        0.8108108108108109,
        0.7586206896551724,
        0.7878787878787878,
        0.8108108108108109,
        0.7741935483870968,
        0.8484848484848485,
        0.7777777777777778,
        0.75,
        0.8205128205128205,
        0.7647058823529411,
        0.7692307692307693,
        0.7096774193548387,
        0.8333333333333334,
        0.6451612903225806,
        0.75,
        0.8235294117647058,
        0.7567567567567568,
        0.9375,
        0.6666666666666666,
        0.7878787878787878,
        0.8571428571428571,
        0.7894736842105263,
        0.8387096774193549,
        0.8,
        0.7692307692307693,
        0.8125,
        0.8666666666666667,
        0.8387096774193549,
        0.8292682926829268,
        0.8125,
        0.8,
        0.6428571428571429,
        0.8235294117647058,
        0.8,
        0.8387096774193549,
        0.875,
        0.8648648648648649,
        0.7647058823529411
      ]
    },
    "confusion_matrix": [
      [
        50,
        18
      ],
      [
        13,
        68
      ]
    ]
  },
  "config": {
    "n_splits": 5,
    "n_repeats": 10,
    "random_seed": 42,
    "xgboost_params": {
      "n_estimators": 100,
      "max_depth": 3,
      "learning_rate": 0.1,
      "subsample": 0.8,
      "colsample_bytree": 0.8,
      "min_child_weight": 5,
      "reg_alpha": 0.1,
      "reg_lambda": 1.0,
      "random_state": 42,
      "use_label_encoder": false,
      "eval_metric": "logloss",
      "n_jobs": -1
    },
    "model_variant": "no_hypotension",
    "excluded_features": [
      "Hypotension_Level"
    ]
  }
}