{
  "model_comparison": {
    "XGBoost (Full)": {
      "name": "XGBoost (Full)",
      "auroc_mean": 0.9344469133807369,
      "auroc_std": 0.03749128596743995,
      "auroc_ci_low": 0.8632206488364577,
      "auroc_ci_high": 1.0,
      "auprc": 0.9630887614282218,
      "accuracy_mean": 0.8586436781609196,
      "accuracy_std": 0.06319016715854744,
      "f1_mean": 0.8674337525513015,
      "f1_std": 0.060149305836894956,
      "sensitivity": 0.8765432098765432,
      "specificity": 0.8823529411764706,
      "ppv": 0.8987341772151899,
      "npv": 0.8571428571428571,
      "brier": 0.09199970960617065
    },
    "Logistic Regression": {
      "name": "Logistic Regression",
      "auroc_mean": 0.9167521816418877,
      "auroc_std": 0.04727568581786756,
      "auroc_ci_low": 0.8255656108597285,
      "auroc_ci_high": 0.994376717032967,
      "auprc": 0.9465540416932287,
      "accuracy_mean": 0.8505977011494252,
      "accuracy_std": 0.0590614442317635,
      "f1_mean": 0.8643995346608054,
      "f1_std": 0.053473762407650824,
      "sensitivity": 0.8765432098765432,
      "specificity": 0.8088235294117647,
      "ppv": 0.8452380952380952,
      "npv": 0.8461538461538461,
      "brier": 0.11260049690441172
    },
    "XGBoost (No Hypotension)": {
      "name": "XGBoost (No Hypotension)",
      "auroc_mean": 0.8867640998707175,
      "auroc_std": 0.05861638105848101,
      "auroc_ci_low": 0.7709306318681318,
      "auroc_ci_high": 0.9796875,
      "auprc": 0.9012368832693984,
      "accuracy_mean": 0.8122988505747125,
      "accuracy_std": 0.0679248105751011,
      "f1_mean": 0.8322776835765271,
      "f1_std": 0.057954553891149764,
      "sensitivity": 0.8641975308641975,
      "specificity": 0.7647058823529411,
      "ppv": 0.813953488372093,
      "npv": 0.8253968253968254,
      "brier": 0.1307508945465088
    },
    "MASCC Alone": {
      "name": "MASCC Alone",
      "auroc_mean": 0.655783371040724,
      "auroc_std": 0.06047816747652765,
      "auroc_ci_low": 0.5458791208791208,
      "auroc_ci_high": 0.7820054945054945,
      "auprc": 0.6069817717157758,
      "accuracy_mean": 0.6847586206896552,
      "accuracy_std": 0.056045208522542904,
      "f1_mean": 0.7740797788906937,
      "f1_std": 0.03305704634125748,
      "sensitivity": 0.9876543209876543,
      "specificity": 0.3235294117647059,
      "ppv": 0.6349206349206349,
      "npv": 0.9565217391304348,
      "brier": 0.2061557480502372
    },
    "qSOFA Alone": {
      "name": "qSOFA Alone",
      "auroc_mean": 0.8378551228183582,
      "auroc_std": 0.048047854450776965,
      "auroc_ci_low": 0.7327008928571429,
      "auroc_ci_high": 0.9184884049773756,
      "auprc": 0.840156901464953,
      "accuracy_mean": 0.710183908045977,
      "accuracy_std": 0.04730664172364431,
      "f1_mean": 0.737041667676833,
      "f1_std": 0.09436736948225292,
      "sensitivity": 0.8641975308641975,
      "specificity": 0.5588235294117647,
      "ppv": 0.7,
      "npv": 0.7755102040816326,
      "brier": 0.15155644396037615
    },
    "MASCC + qSOFA": {
      "name": "MASCC + qSOFA",
      "auroc_mean": 0.8635595103425987,
      "auroc_std": 0.04667630112412379,
      "auroc_ci_low": 0.7666294642857143,
      "auroc_ci_high": 0.9323221355850032,
      "auprc": 0.8653011071574098,
      "accuracy_mean": 0.7786436781609197,
      "accuracy_std": 0.054383288605369826,
      "f1_mean": 0.8263519018909793,
      "f1_std": 0.03880111955801154,
      "sensitivity": 0.9629629629629629,
      "specificity": 0.5588235294117647,
      "ppv": 0.7222222222222222,
      "npv": 0.926829268292683,
      "brier": 0.1403616532634641
    }
  },
  "calibration": {
    "XGBoost (Full)": {
      "slope": 0.8373636576384915,
      "intercept": -0.16259654834513848,
      "brier": 0.09199970960617065
    },
    "Logistic Regression": {
      "slope": 0.7235354629681271,
      "intercept": -0.02984302343611537,
      "brier": 0.11260049690441172
    },
    "XGBoost (No Hypotension)": {
      "slope": 0.7607517900812262,
      "intercept": -0.09962289762912961,
      "brier": 0.1307508945465088
    }
  },
  "external_validation": {
    "auroc": 0.9325396825396826,
    "accuracy": 0.8,
    "sensitivity": 0.7916666666666666,
    "specificity": 0.8095238095238095,
    "ci_low": 0.8458170026904043,
    "ci_high": 0.9861124835309618,
    "n_dev": 104,
    "n_test": 45
  },
  "optimal_threshold": 0.85
}